AAC_A,AAC_C,AAC_D,AAC_E,AAC_F,AAC_G,AAC_H,AAC_I,AAC_K,AAC_L,AAC_M,AAC_N,AAC_P,AAC_Q,AAC_R,AAC_S,AAC_T,AAC_V,AAC_W,AAC_Y,mol_weight,A,C,D,E,F,G,H,I,K,L,M,N,P,Q,R,S,T,V,W,Y,charge,gravy,instability_index,iso_point,sec_struc
0.061068702290076333,0.02544529262086514,0.05089058524173028,0.07633587786259542,0.027989821882951654,0.058524173027989825,0.030534351145038167,0.020356234096692113,0.05089058524173028,0.08142493638676845,0.030534351145038167,0.035623409669211195,0.11450381679389313,0.03816793893129771,0.06615776081424936,0.09669211195928754,0.05597964376590331,0.04580152671755725,0.010178117048346057,0.022900763358778626,43652.713400000044,24,10,20,30,11,23,12,8,20,32,12,14,45,15,26,38,22,18,4,9,-4.550121337466848,-0.7562340966921114,73.5921119592877,6.331659126281737,"(0.20865139949109415, 0.3053435114503817, 0.24936386768447838)"
